nct_id,title,condition,eligibility,location
NCT001,Breast Cancer Phase 2 Trial,breast cancer;stage 2,Eligible ages 30 to 60. Gender: female.,Mumbai
NCT002,Lung Cancer Immunotherapy,lung cancer,Eligible ages 40 to 75. Gender: both.,Delhi
NCT003,Chemotherapy Effects on Colon Cancer,colon cancer,Eligible ages 35 to 70. Gender: male.,Bangalore
NCT004,Advanced Liver Cancer Study,liver cancer,Eligible ages 50 to 80. Gender: both.,Hyderabad
NCT005,Pancreatic Cancer Targeted Therapy,pancreatic cancer,Eligible ages 45 to 65. Gender: both.,Chennai
